datetime,keyword,sn,AFP,CNN,RT,TOI,DDN,PEOPLECN
2023-06-30 22:37:24,暴動 暴力 フランス 内部 矯正 省 さ 弱体化 警察 銃撃 後 多く ため 装具,2,,,,https://timesofindia.indiatimes.com/world/europe/france-braces-for-more-violence-after-riots-over-police-shooting/articleshow/101403798.cms,,http://world.people.com.cn/n1/2023/0703/c1002-40026341.html
2023-06-30 22:37:24,警察 暴動 フランス ため 対処 全国 強化 銃撃 後 多く 暴力 沈静 化 兆候 中,2,,,,https://timesofindia.indiatimes.com/world/europe/france-has-a-5th-night-of-rioting-over-teens-killing-by-police-amid-signs-of-subsiding-violence/articleshow/101437011.cms,,http://world.people.com.cn/n1/2023/0702/c1002-40025867.html
2023-06-30 14:37:00,風力 発電 容量 世界 中国 太陽光 倍増 2030 年 達成 初 16 メガワット 海上 ユニット 設置,2,https://www.afpbb.com/articles/-/3470195,https://www.cnn.co.jp/world/35205972.html?ref=rss,,,,
2023-06-30 14:14:00,中国 3 アフリカ 経済 建設 銀行 ジョイ バーグ 支店 南アフリカ 湖 南 省長 沙市 29 商務,2,https://www.afpbb.com/articles/-/3470459,,,,,http://world.people.com.cn/n1/2023/0702/c1002-40025949.html
2023-06-30 10:18:00,フランス パリ 郊外 17 歳 少年 射殺 事件 警察官 交通 取り締まり 停止 警官 全土 3,2,https://www.afpbb.com/articles/-/3470511,https://www.cnn.co.jp/world/35205957.html?ref=rss,,,,
2023-06-30 10:18:00,パリ 郊外 少年 警官 射殺 事件 抗議 デモ 人 仏 内務 省 2 北アフリカ 系 きっかけ フランス 17,2,https://www.afpbb.com/articles/-/3470714,https://www.cnn.co.jp/world/35205957.html?ref=rss,,,,
2023-06-29 20:20:00,米国 ロシア 反乱 ウィリアム バーンズ 中止 役割 カウンター パート シンクタンク 戦争 研究所 29 民間 軍事,2,,https://www.cnn.co.jp/world/35205943.html?ref=rss,https://www.rt.com/news/579045-cia-director-wagner-mutiny/?utm_source=rss&utm_medium=rss&utm_campaign=RSS,,,
2023-06-29 20:20:00,米国 戦争 展開 可能性 シンクタンク 研究所 29 ロシア 民間 軍事 Dmitry Medvedev ポーランド 大量 破壊 兵器,2,,https://www.cnn.co.jp/world/35205943.html?ref=rss,https://www.rt.com/news/579039-ex-president-medvedev-poland-nuclear-war/?utm_source=rss&utm_medium=rss&utm_campaign=RSS,,,
2023-06-29 19:58:55,バイデン 米大統領 大統領 選 経済 政策 バイデノミクス レーガノミクス 席 とき 自ら ジョー 今週 次期 再選,2,https://www.afpbb.com/articles/-/3470395,https://www.cnn.co.jp/usa/35205945.html?ref=rss,,,,
2023-06-29 18:23:00,ウクライナ 大統領 会談 ローマ カトリック 教会 フランシスコ 教皇 29 議会 派 校長 MEP 中 ハンガリー,2,,https://www.cnn.co.jp/world/35205938.html?ref=rss,https://www.rt.com/news/578956-arakhamia-orban-russian-agent/?utm_source=rss&utm_medium=rss&utm_campaign=RSS,,,
2023-06-29 16:00:47,"致命的 警察 銃撃 フランス 40,000 人 警察官 進行中 抗議 複数 参加者 武装",2,,,https://www.rt.com/russia/579047-france-riotes-military-rifles/?utm_source=rss&utm_medium=rss&utm_campaign=RSS,https://timesofindia.indiatimes.com/world/europe/france-will-deploy-40000-police-officers-to-quell-violence-that-followed-deadly-police-shooting/articleshow/101366519.cms,,
2023-06-29 11:55:00,スウェーデン 首都 イスラム教 聖典 コーラン 抗議 ストックホルム モスク イスラム イラク バグダッド 大使館 礼拝 所 前,2,https://www.afpbb.com/articles/-/3470662,https://www.cnn.co.jp/world/35205964.html?ref=rss,,,,
2023-06-29 10:14:28,中国 ため 使用 スパイ バルーン アメリカ人 私たち 技術 台北 拡大 脅威 対抗 爆発的 大砲,2,,,https://www.rt.com/news/579006-taiwan-arms-sales-approved/?utm_source=rss&utm_medium=rss&utm_campaign=RSS,https://timesofindia.indiatimes.com/world/china/chinese-spy-balloon-used-us-tech-to-spy-on-americans/articleshow/101358833.cms,,
2023-06-29 09:52:00,米 歌手 マドンナ さん 細菌 感染症 集中治療室 こと マネジャー 搬送 28 64 ため 病院 ICU 入院 来月,2,https://www.afpbb.com/articles/-/3470305,https://www.cnn.co.jp/showbiz/35205901.html?ref=rss,,,,
2023-06-29 09:39:00,ロシア 民間 軍事 会社 ワグネル 反乱 プーチン 大統領 氏 主張 バイデン 米大統領 28 府 クレムリン Kremlin,2,https://www.afpbb.com/articles/-/3470475,https://www.cnn.co.jp/usa/35205899.html?ref=rss,,,,
2023-06-29 07:05:00,豪華 客船 タイタニック 号 残骸 見学 ツアー 圧壊 潜水艇 タイタン 28 沿岸 警備隊 米 発表,2,https://www.afpbb.com/articles/-/3470234,https://www.cnn.co.jp/world/35205893.html?ref=rss,,,,
2023-06-28 22:16:00,中国 考 全国 統一 大学 入試 四川省 実業家 男性 今年 27 ほど 成績 各省 合格 ライン,2,https://www.afpbb.com/articles/-/3470191,https://www.cnn.co.jp/world/35205854.html?ref=rss,,,,
2023-06-28 21:11:59,スウェーデン イスラム教 首都 聖典 コーラン デモ 警察 犠牲 祭 イード アル イラク バグダッド 大使館 敷地内 29,2,https://www.afpbb.com/articles/-/3470218,https://www.cnn.co.jp/world/35205964.html?ref=rss,,,,
2023-06-28 19:55:00,ストックホルム イスラム教 当局 こと 徒 スウェーデン 首都 28 聖典 モスク 礼拝 所 前 抗議 世界中 それ 承認,2,,https://www.cnn.co.jp/world/35205887.html?ref=rss,https://www.rt.com/russia/578905-koran-buring-sweden-russia/?utm_source=rss&utm_medium=rss&utm_campaign=RSS,,,
2023-06-28 19:16:00,中国 全国 統一 大学 考 結果 中部 位置 湖 南 省 四川省 実業家 男性 今年 27,2,https://www.afpbb.com/articles/-/3470175,https://www.cnn.co.jp/world/35205854.html?ref=rss,,,,
2023-06-28 18:34:00,17 歳 少年 抗議 仏 パリ 近郊 ナンテール 警察 衝突 後 フランス 中 警察官 射殺 事件,3,https://www.afpbb.com/articles/-/3470653,https://www.cnn.co.jp/world/35205881.html?ref=rss,,https://timesofindia.indiatimes.com/world/europe/french-police-protesters-clash-in-multiple-towns-after-17-year-old-killed-by-police/articleshow/101358552.cms,,
2023-06-28 18:34:00,パリ 17 歳 少年 27 フランス 郊外 交通 仏 近郊 ナンテール 路上 警官 抗議 警察 逮捕,2,https://www.afpbb.com/articles/-/3470207,https://www.cnn.co.jp/world/35205957.html?ref=rss,,,,
2023-06-28 17:14:00,中国 27 回 全国 職業 山東省 済南 市 7 障害者 四川省 実業家 男性 今年 目,2,https://www.afpbb.com/articles/-/3470140,https://www.cnn.co.jp/world/35205854.html?ref=rss,,,,
2023-06-28 13:55:00,発表 円 5 % 中国 新疆 ウイグル 自治区 ウルムチ 税関 米国 人気 急上昇 中 スポーツ ピックルボール,2,https://www.afpbb.com/articles/-/3470043,https://www.cnn.co.jp/usa/35205856.html?ref=rss,,,,
2023-06-28 13:31:00,民間 軍事 反乱 会社 弾圧 失敗 ロシア ワグネル ウクライナ ショイグ 国防 相 27 未遂 カメラ,3,https://www.afpbb.com/articles/-/3470946,https://www.cnn.co.jp/world/35205850.html?ref=rss,https://www.rt.com/russia/579016-russia-blocks-wagner-media/?utm_source=rss&utm_medium=rss&utm_campaign=RSS,,,
2023-06-28 12:47:48,ウクライナ ロシア 人 国連 人権 監視団 軍 当局 28 27 救急 東部 昨年 2 月,2,https://www.afpbb.com/articles/-/3470115,https://www.cnn.co.jp/world/35205877.html?ref=rss,,,,
2023-06-28 12:42:20,治安 部隊 戦車 パキスタン 北 ワジリスタン 6 人 テロリスト ロシア 国家 親衛隊 ロスグバルディア 27 民間,2,https://www.afpbb.com/articles/-/3470089,,,https://timesofindia.indiatimes.com/world/pakistan/pakistan-security-forces-kill-six-terrorists-in-north-waziristan-tank/articleshow/101411353.cms,,
2023-06-28 12:42:20,ロシア 民間 軍事 会社 ワグネル 反乱 大統領 府 28 トップ エフゲニー 治安 部隊 国家 親衛隊 ロスグバルディア,2,https://www.afpbb.com/articles/-/3470089,https://www.cnn.co.jp/world/35205918.html?ref=rss,,,,
2023-06-28 12:15:29,警察 抗議 フランス エマニュエル マクロン 大統領 29 17 歳 ティーンエイジャー 後,2,https://www.afpbb.com/articles/-/3470398,,,https://timesofindia.indiatimes.com/world/europe/protests-flare-up-in-france-after-police-shoot-teenager/articleshow/101334444.cms,,
2023-06-28 11:55:00,米国 支援 戦闘車両 ロシア ブリンケン 国務 長官 27 ウクライナ 5億 ところ 軍 キエフ 歩兵 15 ％,2,,https://www.cnn.co.jp/usa/35205842.html?ref=rss,https://www.rt.com/news/578855-pentagon-bradley-package-ukraine/?utm_source=rss&utm_medium=rss&utm_campaign=RSS,,,
2023-06-28 11:55:00,米国 支援 戦闘車両 ロシア ところ 軍 キエフ 歩兵 15 ％ ブリンケン 国務 長官 27 ウクライナ 5億,2,,https://www.cnn.co.jp/usa/35205842.html?ref=rss,https://www.rt.com/news/578855-pentagon-bradley-package-ukraine/?utm_source=rss&utm_medium=rss&utm_campaign=RSS,,,
2023-06-28 09:34:00,民間 航空機 機 27 欧州 大手 エアバス 中国 天津 市 ロシア 軍事 会社 ワグネル エフゲニー プリゴジン,2,https://www.afpbb.com/articles/-/3470147,https://www.cnn.co.jp/world/35205823.html?ref=rss,,,,
2023-06-28 09:34:00,民間 航空機 機 27 欧州 大手 エアバス 中国 天津 市 ロシア 軍事 会社 ワグネル エフゲニー プリゴジン,2,https://www.afpbb.com/articles/-/3470270,https://www.cnn.co.jp/world/35205823.html?ref=rss,,,,
2023-06-28 09:00:00,シエラレオネ 大統領 再選 発表 選挙 委員会 バイオ アフリカ 西部 24 実施 選 与党,2,,https://www.cnn.co.jp/world/35205840.html?ref=rss,,,,http://world.people.com.cn/n1/2023/0628/c1002-40022577.html
2023-06-28 06:10:00,ロシア 民間 軍事 ワグネル 大統領 会社 反乱 ベラルーシ ルカシェンコ 27 プリゴジン 氏 ウクライナ 訪問 ポーランド アンジェイ,2,https://www.afpbb.com/articles/-/3470250,https://www.cnn.co.jp/world/35205933.html?ref=rss,,,,
2023-06-28 04:44:00,ロシア プーチン 大統領 民間 軍事 会社 ワグネル 27 先週末 ウラジーミル 反乱 こと 氏 創設者 エフゲニー,2,https://www.afpbb.com/articles/-/3470054,https://www.cnn.co.jp/world/35205822.html?ref=rss,,,,
2023-06-27 20:44:59,"ウクライナ ドル ため 米国 追加 軍事 援助 5億 ペンタゴン 進捗 1,500億 投資 ピューリッツァー 賞 受賞",2,,,https://www.rt.com/news/578923-ukraine-counteroffensive-biden-hersh/?utm_source=rss&utm_medium=rss&utm_campaign=RSS,https://timesofindia.indiatimes.com/world/europe/us-to-give-ukraine-500-million-in-additional-military-aid-pentagon/articleshow/101317519.cms,,
2023-06-27 20:44:59,援助 5億 ドル ウクライナ 追加 軍事 ため 米国 ペンタゴン ワシントン ロシア 大使館 セキュリティ キエフ 決定,2,,,https://www.rt.com/russia/578839-us-obsessed-defeat-russia/?utm_source=rss&utm_medium=rss&utm_campaign=RSS,https://timesofindia.indiatimes.com/world/europe/us-to-give-ukraine-500-million-in-additional-military-aid-pentagon/articleshow/101317519.cms,,
2023-06-27 17:13:00,国際 支持 外務省 中国 秦 剛(チンカン) 外相 27 同国 スポークスマン 原子エネルギー 機関 事務局 日本 核,2,,https://www.cnn.co.jp/world/35205797.html?ref=rss,,,,http://world.people.com.cn/n1/2023/0628/c1002-40023370.html
2023-06-27 17:13:00,国際 支持 外務省 中国 秦 剛(チンカン) 外相 27 同国 スポークスマン 原子エネルギー 機関 事務局 日本 核,2,,https://www.cnn.co.jp/world/35205797.html?ref=rss,,,,http://world.people.com.cn/n1/2023/0628/c1002-40023372.html
2023-06-27 13:11:00,中国 企業 機会 ワシントン フェンタニル 関連 認可 国内 アメリカ 山東省 青島 市 23 3 日間,2,https://www.afpbb.com/articles/-/3469855,,https://www.rt.com/news/578787-us-drug-abuse-capitalism/?utm_source=rss&utm_medium=rss&utm_campaign=RSS,,,
2023-06-27 13:11:00,中国 3 博覧会 貿易 アフリカ 経済 湖 南 商品 オンライン ショッピング フェスティバル 山東省 青島 市 23,2,https://www.afpbb.com/articles/-/3469855,,,,,http://world.people.com.cn/n1/2023/0628/c1002-40023297.html
2023-06-27 13:11:00,中国 3 博覧会 貿易 アフリカ 経済 湖 南 出展 者 70 ％ 山東省 青島 市 23,2,https://www.afpbb.com/articles/-/3469855,,,,,http://world.people.com.cn/n1/2023/0629/c1002-40024078.html
2023-06-27 11:59:00,米国 大統領 表明 バイデン 26 週末 ロシア 反乱 距離 元 フィリピン ドゥテルテ 存在 懸念,2,,https://www.cnn.co.jp/usa/35205768.html?ref=rss,,,,http://world.people.com.cn/n1/2023/0629/c1002-40024361.html
2023-06-27 10:39:09,26 先週末 ロシア 民間 軍事 会社 ワグネル 反乱 大使 米国 関与 こと 米 国務 ラブロフ 外相,2,https://www.afpbb.com/articles/-/3469894,https://www.cnn.co.jp/world/35205775.html?ref=rss,,,,
2023-06-27 10:39:09,ロシア 民間 軍事 会社 ワグネル 反乱 際 西側 氏 米 国務 省 26 先週末 大使 トップ エフゲニー プリゴジン,2,https://www.afpbb.com/articles/-/3469894,https://www.cnn.co.jp/world/35205918.html?ref=rss,,,,
2023-06-27 10:26:14,ロシア 民間 軍事 会社 ワグネル エフゲニー プリゴジン 氏 指摘 創設者 26 同社 ウクライナ クレバ 外相,2,https://www.afpbb.com/articles/-/3469889,https://www.cnn.co.jp/world/35205843.html?ref=rss,,,,
2023-06-27 10:17:00,中国 会議 開催 Huzhou 市 プロモーション 写真 撮影 展 2023 年 商業 宇宙 飛行 発展,2,https://www.afpbb.com/articles/-/3469743,,,,,http://world.people.com.cn/n1/2023/0628/c1002-40023175.html
2023-06-27 09:00:00,ロシア 国防 軍事 省 ワーグナー グループ 装備 準備 民間 会社 ワグネル トップ エフゲニー プリゴジン,2,,https://www.cnn.co.jp/world/35205892.html?ref=rss,,,,http://world.people.com.cn/n1/2023/0627/c1002-40022338.html
2023-06-27 09:00:00,ロシア 国防 省 軍事 装備 準備 27 反乱 民間 会社 ワグネル ワーグナー グループ,2,https://www.afpbb.com/articles/-/3470035,,,,,http://world.people.com.cn/n1/2023/0627/c1002-40022338.html
2023-06-27 09:00:00,中国 国際 開催 秦 剛(チンカン) 外相 27 同国 ロシア イギリス 大使 Zheng Zeguang 海事 機関,2,,https://www.cnn.co.jp/world/35205797.html?ref=rss,,,,http://world.people.com.cn/n1/2023/0627/c1002-40021820.html
2023-06-27 08:23:00,ロシア 民間 軍事 会社 ワグネル 反乱 プーチン 大統領 支持 英国 クレバリー 外相 ウラジーミル 28 際,2,https://www.afpbb.com/articles/-/3470269,https://www.cnn.co.jp/world/35205749.html?ref=rss,,,,
2023-06-27 08:23:00,ロシア プーチン 氏 英国 クレバリー 外相 26 議会 民間 体制派 指導者 アレクセイ ナワリヌイ 27 最大,2,https://www.afpbb.com/articles/-/3470137,https://www.cnn.co.jp/world/35205749.html?ref=rss,,,,
2023-06-27 08:23:00,ロシア 民間 軍事 会社 ワグネル 反乱 氏 創設者 エフゲニー プリゴジン 米紙 ウォール 英国 クレバリー 大統領 ベラルーシ,2,https://www.afpbb.com/articles/-/3470227,https://www.cnn.co.jp/world/35205817.html?ref=rss,,,,
2023-06-27 06:57:00,ウクライナ 軍 ロシア 東部 26 ドネツク 州 都市 攻撃 注力 拠点 数 キロメートル 場所 部隊 灰色,2,https://www.afpbb.com/articles/-/3470408,https://www.cnn.co.jp/world/35205744.html?ref=rss,,,,
2023-06-27 03:28:00,ロシア 民間 軍事 会社 ワグネル 創設者 エフゲニー プリゴジン 氏 反乱 こと 意図 26 インターネット ロシア連邦,2,https://www.afpbb.com/articles/-/3469899,https://www.cnn.co.jp/world/35205811.html?ref=rss,,,,
2023-06-27 03:28:00,ロシア 民間 軍事 会社 ワグネル 創設者 エフゲニー プリゴジン 氏 26 音声 メッセージ 公開 反乱 こと 政権 転覆,2,https://www.afpbb.com/articles/-/3469899,https://www.cnn.co.jp/world/35205745.html?ref=rss,,,,
2023-06-27 03:28:00,ロシア 民間 軍事 会社 ワグネル 26 反乱 先週末 ウラジーミル 創設者 エフゲニー 氏 プーチン 大統領 国民,2,https://www.afpbb.com/articles/-/3469911,https://www.cnn.co.jp/world/35205743.html?ref=rss,,,,
2023-06-27 00:52:18,安全 保障 上 近く キャンベラ 懸念 引用 国家 議会 土地 オーストラリア 最高裁 26 国会 大使館 建設,2,,https://www.cnn.co.jp/world/35205757.html?ref=rss,https://www.rt.com/russia/578748-australia-russia-embassy-ruling/?utm_source=rss&utm_medium=rss&utm_campaign=RSS,,,
2023-06-26 20:17:00,科学 中国 世界 国際的 総合 誌 ネイチャー ほど 南西部 秦 剛(チンカン) 外相 27 同国 ロシア,2,https://www.afpbb.com/articles/-/3469859,https://www.cnn.co.jp/world/35205797.html?ref=rss,,,,
2023-06-26 18:44:21,諸国 ロシア 外国 機関 主張 ラブロフ 外相 先週末 民間 軍事 EU 神聖 キエフ ペチェルスク ラヴラ,2,,https://www.cnn.co.jp/world/35205775.html?ref=rss,https://www.rt.com/russia/578718-kiev-lavra-plunder-svr/?utm_source=rss&utm_medium=rss&utm_campaign=RSS,,,
2023-06-26 16:20:00,ロシア 民間 軍事 会社 ワグネル 反乱 対応 同国 政府 ブロガー 見解 ウクライナ ゼレンスキー 大統領 米国,2,https://www.afpbb.com/articles/-/3470289,https://www.cnn.co.jp/world/35205730.html?ref=rss,,,,
2023-06-26 14:45:00,米 テキサス州 空港 地上 旅客機 エンジン 死亡 国家 運輸安全委員会 23 事故 調査 サンアントニオ 国際 係員 当局,2,https://www.afpbb.com/articles/-/3469799,https://www.cnn.co.jp/usa/35205720.html?ref=rss,,,,
2023-06-26 13:22:00,ロシア 民間 軍事 会社 ワグネル 反乱 政権 氏 創設者 エフゲニー プリゴジン 26 インターネット ウクライナ ダニロフ 上 音声,2,https://www.afpbb.com/articles/-/3469899,https://www.cnn.co.jp/world/35205721.html?ref=rss,,,,
2023-06-26 10:51:00,ロシア 民間 軍事 会社 ワグネル 同社 創設者 エフゲニー プリゴジン 氏 問題 26 部隊 武装 蜂起,2,https://www.afpbb.com/articles/-/3469889,https://www.cnn.co.jp/world/35205709.html?ref=rss,,,,
2023-06-26 10:18:00,ロシア 民間 軍事 会社 ワグネル 反乱 政府 中国 秦 剛(チンカン) 外相 米 国務 省 26,2,https://www.afpbb.com/articles/-/3469894,https://www.cnn.co.jp/world/35205707.html?ref=rss,,,,
2023-06-26 10:13:05,中国 銀行 建設 アスタナ 支店 地元 慈善 基金 公共 輸出入 21 間 債券 市場 一帯,2,https://www.afpbb.com/articles/-/3469679,,,,,http://world.people.com.cn/n1/2023/0629/c1002-40024339.html
2023-06-26 10:13:05,中国 国際 協力 推進 秦 剛(チンカン) 外相 27 同国 ロシア 輸出入 銀行 21 間 債券 市場,2,https://www.afpbb.com/articles/-/3469679,https://www.cnn.co.jp/world/35205797.html?ref=rss,,,,
2023-06-26 09:48:38,ロシア 民間 軍事 会社 ワグネル 反乱 プーチン 亀裂 アントニー・ブリンケン 米 国務 長官 英国 クレバリー 外相 26,2,https://www.afpbb.com/articles/-/3469711,https://www.cnn.co.jp/world/35205749.html?ref=rss,,,,
2023-06-26 09:33:00,米 沿岸 警備隊 死亡 沈没 回収 事故 現場 人 フロリダ州 マイアミ 沖 豪華 客船 タイタニック,2,https://www.afpbb.com/articles/-/3470234,https://www.cnn.co.jp/usa/35205699.html?ref=rss,,,,
2023-06-26 09:00:00,ロシア 軍事 軍 民間 会社 ワグネル 大統領 国防 大臣 Sho Gulu 撃墜 機 動画 画像,2,,https://www.cnn.co.jp/world/35205714.html?ref=rss,,,,http://world.people.com.cn/n1/2023/0626/c1002-40021483.html
2023-06-26 09:00:00,中国 全国 委員会 議長 王毅 共産党 中央 政治局 委員 外事 Wang Yi 米国 取締役会 Jacob Lu,2,https://www.afpbb.com/articles/-/3470042,,,,,http://world.people.com.cn/n1/2023/0626/c1002-40021637.html
2023-06-26 09:00:00,回 世界 中国 会議 経済 フォーラム WEF 主催 14 夏季 16 ビジネス バンコク,2,https://www.afpbb.com/articles/-/3470017,,,,,http://world.people.com.cn/n1/2023/0626/c1002-40020986.html
2023-06-26 09:00:00,回 世界 中国 会議 16 ビジネス ウェルカム ディナー バンコク 開催 経済 フォーラム WEF 主催 14 夏季,2,https://www.afpbb.com/articles/-/3470017,,,,,http://world.people.com.cn/n1/2023/0626/c1002-40020937.html
2023-06-26 09:00:00,回 中国 会議 開催 16 世界 ビジネス ウェルカム ディナー バンコク 2023 年 商業 宇宙 飛行 発展,2,https://www.afpbb.com/articles/-/3469743,,,,,http://world.people.com.cn/n1/2023/0626/c1002-40020937.html
2023-06-26 03:37:36,国家 安全 保障 キエフ 責任者 ロシア 本当 交渉者 グループ 中国 代表者 人権 理事会 香港 法,2,,,https://www.rt.com/russia/578686-lukashenko-ukraine-peace-talks/?utm_source=rss&utm_medium=rss&utm_campaign=RSS,,,http://world.people.com.cn/n1/2023/0627/c1002-40022341.html
2023-06-25 16:24:00,ロシア 民間 軍事 会社 ワグネル 創設者 エフゲニー プリゴジン 氏 反乱 情報 米紙 ワシントン ベラルーシ ルカシェンコ,2,https://www.afpbb.com/articles/-/3469683,https://www.cnn.co.jp/world/35205817.html?ref=rss,,,,
2023-06-25 15:53:00,軍 ロシア 民間 軍事 ワグネル 創設者 プリゴジン 氏 反乱 こと ウクライナ 東部 会社 エフゲニー 26 インターネット,2,https://www.afpbb.com/articles/-/3469899,https://www.cnn.co.jp/world/35205691.html?ref=rss,,,,
2023-06-25 15:06:00,ロシア 民間 軍事 ワグネル 創設者 プリゴジン 氏 軍 指導 部 こと 目的 部隊 会社 エフゲニー 企業,2,https://www.afpbb.com/articles/-/3469899,https://www.cnn.co.jp/usa/35205690.html?ref=rss,,,,
2023-06-25 14:17:00,身元 不明 遺体 米 カリフォルニア州 南部 山中 捜索 作業 中 確認 24 山 発見 サンアントニオ,2,https://www.afpbb.com/articles/-/3469682,https://www.cnn.co.jp/world/35205832.html?ref=rss,,,,
2023-06-25 13:12:00,溶融 硫黄 アスファルト 当局 車 水 7 台 地方 米 西部 モンタナ州 24 午前,2,,https://www.cnn.co.jp/usa/35205688.html?ref=rss,https://www.rt.com/news/578678-train-derail-montana-chemicals/?utm_source=rss&utm_medium=rss&utm_campaign=RSS,,,
2023-06-25 13:10:00,豪華 客船 タイタニック 号 残骸 ツアー 潜水艇 カナダ 当局 24 見学 参加 パキスタン 出身 実業家,2,https://www.afpbb.com/articles/-/3469662,https://www.cnn.co.jp/world/35205770.html?ref=rss,,,,
2023-06-25 10:31:05,民間 軍事 会社 RT 反乱 試み 展開 分解 ロシア ワグネル 撃墜 軍 機 動画,2,,https://www.cnn.co.jp/world/35205714.html?ref=rss,https://www.rt.com/russia/578650-recap-failed-coup-wagner/?utm_source=rss&utm_medium=rss&utm_campaign=RSS,,,
2023-06-25 09:00:00,中国 建設 支援 企業 モロッコ 科学技術 都市 輸出入 銀行 21 間 債券 市場,2,https://www.afpbb.com/articles/-/3469679,,,,,http://world.people.com.cn/n1/2023/0625/c1002-40020509.html
2023-06-25 09:00:00,22 回 中国 橋 ワールド カレッジ 学生 競技 2023 イギリス 4 全日本 大学生 語 スピーチ コンテスト,2,https://www.afpbb.com/articles/-/3469770,,,,,http://world.people.com.cn/n1/2023/0625/c1002-40020367.html
2023-06-25 08:09:00,ロシア 民間 軍事 会社 ワグネル エフゲニー プリゴジン 氏 音声 こと トップ 24 中 ベラルーシ 傭兵(ようへい) 部隊,2,https://www.afpbb.com/articles/-/3469899,https://www.cnn.co.jp/world/35205745.html?ref=rss,,,,
2023-06-25 08:09:00,ロシア 民間 軍事 会社 ワグネル エフゲニー プリゴジン 氏 傭兵(ようへい) 部隊 音声 こと トップ 創設者 26,2,https://www.afpbb.com/articles/-/3469899,https://www.cnn.co.jp/world/35205684.html?ref=rss,,,,
2023-06-25 06:37:43,米国 ロシア 報告 当局 中止 クーデター 中 通常 軍 スパイ 機関 反乱 初期 兆候 検出,2,,,https://www.rt.com/news/578711-us-expected-bloodshed-prigozhin/?utm_source=rss&utm_medium=rss&utm_campaign=RSS,https://timesofindia.indiatimes.com/world/us/us-spy-agencies-detected-early-signs-of-russia-revolt-report/articleshow/101250824.cms,,
2023-06-25 02:40:47,反乱 ロシア 外務省 声明 中国 秦 剛(チンカン) 外相 ルデンコ 外務 Evgeny Prigozhin 敵 手 土曜日,2,,https://www.cnn.co.jp/world/35205707.html?ref=rss,https://www.rt.com/russia/578630-russia-rejects-wagner-coup/?utm_source=rss&utm_medium=rss&utm_campaign=RSS,,,
2023-06-24 23:44:00,大統領 ロシア 反乱 ため ワーグナー グループ 先週 中 彼 ら ウクライナ ゼレンスキー 24 自国 民間 軍事,2,,https://www.cnn.co.jp/world/35205681.html?ref=rss,https://www.rt.com/russia/578785-putin-civil-war-wagner/?utm_source=rss&utm_medium=rss&utm_campaign=RSS,,,
2023-06-24 22:57:00,米国 ウクライナ 支援 米 国務 省 24 ブリンケン 長官 大統領 呼びかけ 議論,2,,https://www.cnn.co.jp/usa/35205680.html?ref=rss,,,,http://world.people.com.cn/n1/2023/0626/c1002-40021302.html
2023-06-24 19:46:00,ロシア 民間 軍事 会社 ワグネル エフゲニー プリゴジン 氏 米紙 ワシントン ポスト ニューヨーク・タイムズ トップ プーチン 大統領 自身,2,https://www.afpbb.com/articles/-/3469683,https://www.cnn.co.jp/world/35205678.html?ref=rss,,,,
2023-06-24 17:45:00,大統領 反乱 警告 国 ベラルーシ 軍 ワグナー PMC 近隣 ため ロシア プーチン 24 演説 反逆 武装,2,,https://www.cnn.co.jp/world/35205674.html?ref=rss,https://www.rt.com/russia/578777-lukashenko-belarus-wagner-coup/?utm_source=rss&utm_medium=rss&utm_campaign=RSS,,,
2023-06-24 17:26:09,ロシア プーチン 大統領 民間 軍事 会社 ワグネル 反乱 創設者 エフゲニー プリゴジン 氏 ウラジーミル 武装 英国,2,https://www.afpbb.com/articles/-/3470073,https://www.cnn.co.jp/world/35205749.html?ref=rss,,,,
2023-06-24 17:26:09,ロシア プーチン 大統領 24 国民 演説 軍事 ワグネル 武装 反乱 反逆 エフゲニー プリゴジン 氏 処罰,2,https://www.afpbb.com/articles/-/3469628,https://www.cnn.co.jp/world/35205674.html?ref=rss,,,,
2023-06-24 14:00:00,豪華 客船 タイタニック 号 残骸 見学 ツアー 潜水艇 圧壊 事故 オーシャン ゲート ストックトン ラッシュ 沈没 大西,2,https://www.afpbb.com/articles/-/3469626,https://www.cnn.co.jp/world/35205666.html?ref=rss,,,,
2023-06-24 12:39:59,ロシア 氏 民間 軍事 会社 ワグネル 創設者 エフゲニー プリゴジン 支持 英国 クレバリー 外相 元 石油 王,2,https://www.afpbb.com/articles/-/3469609,https://www.cnn.co.jp/world/35205749.html?ref=rss,,,,
2023-06-24 12:23:45,大統領 ロシア 国民 夜 プーチン 演説 武装 ウクライナ ウォロディミル ゼレンスキー 今週 24 反逆 反乱 道,2,https://www.afpbb.com/articles/-/3469608,https://www.cnn.co.jp/world/35205674.html?ref=rss,,,,
2023-06-24 11:29:29,ロシア 武装 反乱 こと プーチン merc 兵 ボス トップ ブラス プーチン 大統領 24 演説 反逆 道,2,,https://www.cnn.co.jp/world/35205674.html?ref=rss,,https://timesofindia.indiatimes.com/world/europe/putin-vows-to-crush-armed-mutiny-after-russian-mercenary-boss-tries-to-oust-top-brass/articleshow/101236502.cms,,
2023-06-24 11:21:51,ロシア 国防 24 ウクライナ 軍 民間 軍事 会社 ワグネル 東部 バフムート 攻撃 省 正規軍 武装 蜂起,2,https://www.afpbb.com/articles/-/3469596,https://www.cnn.co.jp/world/35205686.html?ref=rss,,,,
2023-06-24 10:27:20,ロシア 民間 軍事 会社 ワグネル エフゲニー プリゴジン 氏 部隊 トップ SNS テレグラム 創設者 24 朝,2,https://www.afpbb.com/articles/-/3469598,https://www.cnn.co.jp/world/35205671.html?ref=rss,,,,
2023-06-24 09:07:00,ロシア 民間 軍事 会社 ワグネル エフゲニー プリゴジン 氏 ため 部隊 もの 創設者 23 大統領 府,2,https://www.afpbb.com/articles/-/3469589,https://www.cnn.co.jp/world/35205685.html?ref=rss,,,,
2023-06-24 09:00:00,外務省 問題 中国 スポークスマン 米国 市民 企業 答え 逮捕 秦 剛(チンカン) 外相 ロシア ルデンコ 外務,2,,https://www.cnn.co.jp/world/35205707.html?ref=rss,,,,http://world.people.com.cn/n1/2023/0624/c1002-40020073.html
2023-06-24 07:14:33,起源 米国 報告書 新型コロナウイルス 米 情報 機関 見解 中国 Covid-19 謎 まま 機密 解除,2,,https://www.cnn.co.jp/usa/35205687.html?ref=rss,,https://timesofindia.indiatimes.com/world/us/covid-19-origins-remain-a-mystery-us-declassified-report-shows/articleshow/101231780.cms,,
2023-06-24 05:16:00,ロシア 民間 軍事 会社 ワグネル 創設者 エフゲニー プリゴジン 氏 23 軍 ロシア連邦 保安 同社 部隊,2,https://www.afpbb.com/articles/-/3469584,https://www.cnn.co.jp/world/35205664.html?ref=rss,,,,
2023-06-24 05:16:00,ロシア 民間 軍事 会社 ワグネル エフゲニー プリゴジン 氏 軍 創設者 同社 主張 トップ 部隊 音声 23 拠点,2,https://www.afpbb.com/articles/-/3469584,https://www.cnn.co.jp/world/35205670.html?ref=rss,,,,
2023-06-23 21:12:09,省 ロシア ウクライナ 英 国防 情報 部 23 軍 米 国務 24 ブリンケン 長官 7,2,https://www.afpbb.com/articles/-/3469562,https://www.cnn.co.jp/usa/35205680.html?ref=rss,,,,
2023-06-23 20:54:43,ロシア 民間 軍事 会社 ワグネル 創設者 エフゲニー プリゴジン 氏 ウクライナ 南部 同国 24 23 東部,2,https://www.afpbb.com/articles/-/3469561,https://www.cnn.co.jp/world/35205665.html?ref=rss,,,,
2023-06-23 20:10:00,中国 大学 2023 年 橋 世界 中学生 ヤンゴン 競争 21 南西部 重慶 市 西南 政,2,https://www.afpbb.com/articles/-/3469547,,,,,http://world.people.com.cn/n1/2023/0625/c1002-40020409.html
2023-06-23 18:35:01,ため ドル 提供 グループ バイヤー ウクライナ ロシア 後 フレーム ADB バングラデシュ チャット グラム Cox バザール,2,,,https://www.rt.com/russia/578503-fsb-cesium-smugglers-ukraine/?utm_source=rss&utm_medium=rss&utm_campaign=RSS,,https://ddnews.gov.in/international/adb-provides-usd-400-million-construct-chattogram-cox%E2%80%99s-bazar-railways-bangladesh-step,
2023-06-23 16:11:32,乗員 人 米 沿岸 警備隊 豪華 客船 タイタニック 号 残骸 フロリダ州 マイアミ 沖 25 ボート,2,https://www.afpbb.com/articles/-/3469477,https://www.cnn.co.jp/usa/35205699.html?ref=rss,,,,
2023-06-23 11:59:00,映画 タイタニック 監督 ジェームズ キャメロン 氏 号 残骸 見学 ツアー 圧壊 5 人 潜水艇 警告,2,https://www.afpbb.com/articles/-/3469460,https://www.cnn.co.jp/showbiz/35205628.html?ref=rss,,,,
2023-06-23 10:37:00,米国 首相 関係 共有 モディ 議会 共同 演説 二 国 バイデン 大統領 22 国賓 訪米 中,2,,https://www.cnn.co.jp/usa/35205616.html?ref=rss,,,https://ddnews.gov.in/international/pm-modi%E2%80%99s-addresses-joint-sitting-us-congress-shares-his-vision-elevating-bilateral,
2023-06-23 09:00:00,中央 銀行 インフレ ノルウェー 阻害 ため 50 ベーシス ポイント イングランド 英 22 政策 金利 0.5,2,,https://www.cnn.co.jp/business/35205634.html?ref=rss,,,,http://world.people.com.cn/n1/2023/0623/c1002-40019613.html
2023-06-23 06:30:00,豪華 客船 タイタニック 号 潜水艇 事故 米 残骸 企業 オーシャン ゲート エクスペディションズ 死亡 沈没 大西,2,https://www.afpbb.com/articles/-/3469626,https://www.cnn.co.jp/world/35205604.html?ref=rss,,,,
2023-06-23 06:30:00,豪華 客船 タイタニック 号 5 人 潜水艇 事故 残骸 死亡 水圧 カナダ 当局 沈没 現場,2,https://www.afpbb.com/articles/-/3469662,https://www.cnn.co.jp/world/35205604.html?ref=rss,,,,
2023-06-23 04:49:00,豪華 客船 タイタニック 号 残骸 見学 ツアー 潜水艇 事故 北 大西洋 米 企業 沈没 圧壊,2,https://www.afpbb.com/articles/-/3469626,https://www.cnn.co.jp/showbiz/35205633.html?ref=rss,,,,
2023-06-23 04:49:00,沈没 豪華 客船 タイタニック 号 残骸 見学 ツアー 潜水艇 5 人 事故 22 全員 発表,2,https://www.afpbb.com/articles/-/3469437,https://www.cnn.co.jp/showbiz/35205628.html?ref=rss,,,,
2023-06-22 16:49:00,支援 提供 拒否 ウクライナ 南部 ヘルソン州 カホウカ ダム 決壊 モスクワ 防衛省 Evgeny Prigozhin こと 人々,2,,https://www.cnn.co.jp/world/35205587.html?ref=rss,https://www.rt.com/russia/578594-mod-warns-wagner-fighters-against-coup/?utm_source=rss&utm_medium=rss&utm_campaign=RSS,,,
2023-06-22 12:00:00,午後 8 時 中国 寧夏 回族 自治区 内陸 部 銀川 市 きょう レッスン 北西部 金,2,https://www.afpbb.com/articles/-/3469128,https://www.cnn.co.jp/world/35205578.html?ref=rss,,,,
2023-06-22 09:53:19,部 21 ガス 爆発 人 負傷 漏れ 原因 発生 仏 パリ 中心 火災 37 2人,2,https://www.afpbb.com/articles/-/3469264,https://www.cnn.co.jp/world/35205555.html?ref=rss,,,,
2023-06-22 09:28:00,ロシア 軍事 軍 氏 民間 会社 ワグネル 創設者 エフゲニー プリゴジン プーチン 大統領 21 今後 国軍 増強,2,https://www.afpbb.com/articles/-/3469589,https://www.cnn.co.jp/world/35205551.html?ref=rss,,,,
2023-06-22 05:32:00,部 21 ガス 爆発 人 負傷 漏れ 原因 発生 仏 パリ 中心 火災 37 2人,2,https://www.afpbb.com/articles/-/3469250,https://www.cnn.co.jp/world/35205555.html?ref=rss,,,,
2023-06-22 04:46:00,豪華 客船 タイタニック 見学 潜水艇 米 音 北 大西洋 沈没 号 残骸 ツアー 幹部 海軍 圧壊,2,https://www.afpbb.com/articles/-/3469446,https://www.cnn.co.jp/usa/35205623.html?ref=rss,,,,
2023-06-22 04:46:00,沈没 豪華 客船 タイタニック 号 残骸 潜水艇 5 人 事故 米 北 大西洋 沿岸 見学,2,https://www.afpbb.com/articles/-/3469433,https://www.cnn.co.jp/world/35205604.html?ref=rss,,,,
2023-06-21 20:39:00,ウクライナ 国際 政府 国際オリンピック委員会 トーマス バッハ 会長 22 近年 復興 支援 協議 ロンドン 会議 21,2,https://www.afpbb.com/articles/-/3469442,https://www.cnn.co.jp/world/35205542.html?ref=rss,,,,
2023-06-21 20:39:00,国際 21 参加 首相 米国 訪問 中 インド ナレンドラ モディ ウクライナ 復興 支援 協議 ロンドン 会議,2,https://www.afpbb.com/articles/-/3469299,https://www.cnn.co.jp/world/35205542.html?ref=rss,,,,
2023-06-21 20:39:00,ウクライナ 復興 支援 ロンドン 国際 会議 開幕 英 セント ジェームズ 宮殿 St 協議 21 2 日間,2,https://www.afpbb.com/articles/-/3469300,https://www.cnn.co.jp/world/35205542.html?ref=rss,,,,
2023-06-21 18:15:00,サッカー 試合 処分 欧州 連盟 21 イタリア セリエ A ニュージーランド 代表 19 ウィーン 開催 カタール,2,https://www.afpbb.com/articles/-/3469303,https://www.cnn.co.jp/showbiz/35205538.html?ref=rss,,,,
2023-06-21 16:18:00,米 農務 省 対象 フロリダ州 消費者 サービス 局 20 同州 21 動物 細胞 培養 鶏肉 国内,2,https://www.afpbb.com/articles/-/3469294,https://www.cnn.co.jp/usa/35205522.html?ref=rss,,,,
2023-06-21 12:26:00,上昇 観測 月 最高 記録 気象 中国 当局 22 首都 北京 北 大西洋 一部 海水温 英国,2,https://www.afpbb.com/articles/-/3469479,https://www.cnn.co.jp/world/35205511.html?ref=rss,,,,
2023-06-21 12:15:00,中国 経済 協力 世界 実業家 ところ 訪問 対中 交流 日本 韓国 ASEAN 専門家 地域 統合,2,https://www.afpbb.com/articles/-/3469102,,,,,http://world.people.com.cn/n1/2023/0623/c1002-40019647.html
2023-06-21 11:52:05,世界 ランキング 位 20 月 発表 英 旅行 調査 会社 スカイトラックス 女子 テニス 元 2 アネット,2,https://www.afpbb.com/articles/-/3469136,https://www.cnn.co.jp/travel/35205526.html?ref=rss,,,,
2023-06-21 11:03:00,豪華 客船 タイタニック 残骸 オーシャン ゲート エクスペディションズ 潜水艇 号 見学 ツアー 行方不明 こと 年 米 企業 沈没,2,https://www.afpbb.com/articles/-/3469101,https://www.cnn.co.jp/world/35205604.html?ref=rss,,,,
2023-06-21 10:12:00,大統領 中国 習近平 国家 主席 米国 ジョー バイデン 20 演説 ロシア ペスコフ 報道官 訪問 ブリンケン,2,https://www.afpbb.com/articles/-/3469219,https://www.cnn.co.jp/world/35205494.html?ref=rss,,,,
2023-06-21 09:00:00,国家 大統領 中国 米国 会談 関係 元首 長官 コミュニケーション 安全保障理事会 スポークスマン ジョン 間 ロシア ペスコフ,3,,https://www.cnn.co.jp/world/35205494.html?ref=rss,https://www.rt.com/news/578546-hunter-biden-press-secretary/?utm_source=rss&utm_medium=rss&utm_campaign=RSS,,,http://world.people.com.cn/n1/2023/0621/c1002-40019002.html
2023-06-21 07:59:00,ウクライナ 反転 攻勢 ロシア 同国 首相 時間 シュミハリ マリャル 国防 次官 20 デニス・シュミハリ 22 成功 楽観,2,https://www.afpbb.com/articles/-/3469472,https://www.cnn.co.jp/world/35205484.html?ref=rss,,,,
2023-06-21 06:53:00,ウクライナ ロシア 攻撃 当局 22 同国 一方的 軍 参謀 本部 20 南部 3 人 死亡,3,https://www.afpbb.com/articles/-/3469411,https://www.cnn.co.jp/world/35205482.html?ref=rss,,https://timesofindia.indiatimes.com/world/europe/three-killed-in-russian-attacks-in-southern-ukraine/articleshow/101223617.cms,,
2023-06-21 06:53:00,ウクライナ 軍 ロシア 参謀 本部 20 東部 最新 攻撃 状況 ニュース 国防 英 省 情報,3,https://www.afpbb.com/articles/-/3469562,https://www.cnn.co.jp/world/35205482.html?ref=rss,,,,http://world.people.com.cn/n1/2023/0621/c1002-40019104.html
2023-06-21 06:26:00,北 大西洋 沈没 豪華 客船 タイタニック 残骸 ツアー 潜水艇 消息 5 人 行方不明 捜索 米 沿岸 警備隊 20 40 時間 分 号 見学 乗客 乗員 1912 年 深海 使用 18 参加 件 これ ところ 何 ら 手がかり 記者 会見 同 幹部 最新 状況 内部,2,https://www.afpbb.com/articles/-/3469107,https://www.cnn.co.jp/world/35205481.html?ref=rss,,,,
2023-06-21 03:23:00,タイタニック 酸素 時間 救助 者 潜水 容量 北 大西洋 沈没 豪華 客船 号 残骸 見学,2,https://www.afpbb.com/articles/-/3469107,,,https://timesofindia.indiatimes.com/world/rest-of-world/rescuers-make-last-desperate-push-as-final-hours-of-oxygen-on-missing-titanic-submersible-tick-down/articleshow/101180671.cms,,
2023-06-21 00:11:03,融解 地域 結果 氷 何百 万 人 人々 可能性 世界 最高峰 エベレスト 山 ヒマラヤ 山脈,2,,https://www.cnn.co.jp/fringe/35205487.html?ref=rss,https://www.rt.com/news/578355-scientists-himalayan-glacier-ice-melting/?utm_source=rss&utm_medium=rss&utm_campaign=RSS,,,
2023-06-20 18:57:00,中国 アリババ 20 張 勇 兼 最高経営責任者 CEO 9 月 退任 発表 電子商取引 10 付 クラウド,2,https://www.afpbb.com/articles/-/3469204,https://www.cnn.co.jp/tech/35205476.html?ref=rss,,,,
2023-06-20 15:17:00,ロシア ウクライナ 法 案 大統領 ベラルーシ 出版物 輸入 禁止 署名 英国 政府 賠償金 制裁 継続 こと,2,,https://www.cnn.co.jp/world/35205455.html?ref=rss,https://www.rt.com/russia/578471-ukraine-bans-russian-books/?utm_source=rss&utm_medium=rss&utm_campaign=RSS,,,
2023-06-20 14:12:36,5 人 タイタニック 3 目 装着 観光 沈没 豪華 客船 残骸 行方不明 1912 年 北,2,,https://www.cnn.co.jp/world/35205481.html?ref=rss,,https://timesofindia.indiatimes.com/world/rest-of-world/titanic-tourist-sub-missing-for-third-day-with-five-aboard/articleshow/101134379.cms,,
2023-06-20 13:59:00,20 こと 可能性 欧州連合 EU フォンデアライエン 欧州 委員長 記者 G 教育 会議 ギャップ 最大限 実現,2,,https://www.cnn.co.jp/world/35205518.html?ref=rss,,,https://ddnews.gov.in/national/g20-education-meeting-focuses-realizing-full-potential-education-bridging-gaps,
2023-06-20 12:45:00,19 人 負傷 3 ニュージーランド 最大 都市 オークランド 夜 中国 イスラエル 部隊 ヨルダン 川 西岸 占領,2,https://www.afpbb.com/articles/-/3468993,https://www.cnn.co.jp/world/35205445.html?ref=rss,,,,
2023-06-20 12:40:00,首相 米国 訪問 Modi UNHQ ヨガ お祝い リード ため インド 出現 大力 支持 モディ 前,2,,,,https://timesofindia.indiatimes.com/india/us-supports-indias-emergence-as-a-great-power-white-house-ahead-of-pm-modi-visit/articleshow/101142055.cms,https://ddnews.gov.in/international/pm-modi-embarks-5-day-state-visit-us-egypt-lead-yoga-celebrations-unhq,
2023-06-20 12:16:00,ウクライナ 軍 地雷 原 反攻 撃 克服 困難 専門家 ZDF トップ ザルジニー 総司令 官 ロシア 南部,2,,https://www.cnn.co.jp/world/35205448.html?ref=rss,https://www.rt.com/russia/578461-ukraine-counteroffensive-russia-defense/?utm_source=rss&utm_medium=rss&utm_campaign=RSS,,,
2023-06-20 12:15:00,ウクライナ カホウカ ダム 決壊 洪水 ヘルソン州 水 水力 発電所 がれき 散乱 保健 省 19 南部,2,https://www.afpbb.com/articles/-/3468345,https://www.cnn.co.jp/world/35205451.html?ref=rss,,,,
2023-06-20 11:12:00,ウクライナ 南部 ロシア クリミア 半島 当局 19 車 爆発 州 軍 参謀 こと 22 1,2,https://www.afpbb.com/articles/-/3469411,https://www.cnn.co.jp/world/35205607.html?ref=rss,,,,
2023-06-20 10:29:45,19 サッカー 親善 試合 ニュージーランド 選手 カタール 人種 差別 相手 代表 オーストリア 国際 途中 中止,2,https://www.afpbb.com/articles/-/3469097,https://www.cnn.co.jp/showbiz/35205538.html?ref=rss,,,,
2023-06-20 10:09:00,記者 会見 こと 北 大西洋 条約 機構 19 中国 外交 部 会議 ウクライナ 氏 報道官,2,https://www.afpbb.com/articles/-/3468897,https://www.cnn.co.jp/usa/35205490.html?ref=rss,,,,
2023-06-20 08:42:00,ウクライナ 防衛 ため ゼレンスキー 大統領 英国 スナク 首相 電話 キエフ 軍隊 準備 ロシア 直面 ジェンズ,2,,https://www.cnn.co.jp/world/35205429.html?ref=rss,https://www.rt.com/news/578362-nato-stoltenberg-russia-ukrainian-offensive/?utm_source=rss&utm_medium=rss&utm_campaign=RSS,,,
2023-06-20 07:40:00,米 沿岸 警備隊 沈没 豪華 客船 タイタニック 残骸 潜水艇 捜索 ツアー 5 人 北 大西洋 19,2,https://www.afpbb.com/articles/-/3469085,https://www.cnn.co.jp/world/35205423.html?ref=rss,,,,
2023-06-20 06:00:56,米国 中国 関係 xi blinken 緊張 安定 こと 同意 ブリンケン 国務 長官 19 軌道 方向,2,,https://www.cnn.co.jp/usa/35205441.html?ref=rss,,https://timesofindia.indiatimes.com/world/china/xi-blinken-agree-to-stabilise-tense-us-china-relations/articleshow/101120382.cms,,
2023-06-19 21:06:10,中国 国務 長官 米国 訪問 外務省 ディレクター 台湾 妥協 余地 外交官 ブリンケン 米 20 ウクライナ,3,,https://www.cnn.co.jp/usa/35205490.html?ref=rss,https://www.rt.com/news/578281-wang-blinken-china-us/?utm_source=rss&utm_medium=rss&utm_campaign=RSS,,,http://world.people.com.cn/n1/2023/0622/c1002-40019303.html
2023-06-19 17:30:00,サッカー ブラジル 親善 試合 代表 17 スペイン 全身 黒 ユニホーム 国際 20 ポルトガル リスボン アフリカ 王者,2,https://www.afpbb.com/articles/-/3469184,https://www.cnn.co.jp/showbiz/35205406.html?ref=rss,,,,
2023-06-19 17:30:00,サッカー 親善 試合 人種 差別 代表 全体 前半 分 ブラジル 17 スペイン 全身 19 オーストリア カタール 対,2,https://www.afpbb.com/articles/-/3469097,https://www.cnn.co.jp/showbiz/35205406.html?ref=rss,,,,
2023-06-19 17:18:00,開催 回 経済 フォーラム 中国 北部 河北省 廊坊 市 17 11 シノ ドイツ 技術 協力 ベルリン,2,https://www.afpbb.com/articles/-/3468853,,,,,http://world.people.com.cn/n1/2023/0621/c1002-40019111.html
2023-06-19 15:56:00,ウクライナ ロシア 攻撃 一 晩 空爆 キエフ 他 都市 国境 西部 クルスク 州 スタロボイト 知事,2,,https://www.cnn.co.jp/world/35205409.html?ref=rss,,https://timesofindia.indiatimes.com/world/europe/russia-attacks-kyiv-and-other-ukrainian-cities-in-overnight-air-strikes/articleshow/101136012.cms,,
2023-06-19 13:09:00,南部 周辺 集積 中国 新疆 ウイグル 自治区 庫 勒(コルラ)市 ウクライナ ミコライウ 州 保健 当局 18,2,https://www.afpbb.com/articles/-/3468736,https://www.cnn.co.jp/world/35205400.html?ref=rss,,,,
2023-06-19 11:45:00,英 ロンドン 開幕 文化 施設 サマセット ハウス コートールド 美術館 ウクライナ 復興 支援 協議 国際 会議,2,https://www.afpbb.com/articles/-/3468790,https://www.cnn.co.jp/world/35205542.html?ref=rss,,,,
2023-06-19 10:59:57,国務 長官 中国 アントニー・ブリンケン 米 18 北京 米国 外務省 ディレクター ヤン 台湾 妥協 余地 外交官,3,https://www.afpbb.com/articles/-/3468757,,https://www.rt.com/news/578281-wang-blinken-china-us/?utm_source=rss&utm_medium=rss&utm_campaign=RSS,,,http://world.people.com.cn/n1/2023/0622/c1002-40019303.html
2023-06-19 10:51:00,国務 長官 中国 会談 訪問 習近平 国家 主席 中 19 同国 ブリンケン 米 18 関係 氏 シーチンピン,2,https://www.afpbb.com/articles/-/3468884,https://www.cnn.co.jp/world/35205494.html?ref=rss,,,,
2023-06-19 10:51:00,国務 長官 中国 会談 ブリンケン 関係 ら 米 18 北京 到着 秦 剛(チンカン) 外相 ここ 氏,2,https://www.afpbb.com/articles/-/3468757,https://www.cnn.co.jp/usa/35205490.html?ref=rss,,,,
2023-06-19 10:51:00,ブリンケン 米 国務 長官 中国 北京 会談 習近平 国家 主席 18 到着 秦 19 午後,2,https://www.afpbb.com/articles/-/3468905,https://www.cnn.co.jp/usa/35205390.html?ref=rss,,,,
2023-06-19 09:15:38,国連 カホウカ ダム 決壊 洪水 ウクライナ 南部 ヘルソン州 人道 支援 外務省 20 500万 18 水力 発電所,2,https://www.afpbb.com/articles/-/3468760,https://www.cnn.co.jp/world/35205530.html?ref=rss,,,,
2023-06-19 06:33:06,国務 長官 中国 北京 米 18 秦 外相 アントニー・ブリンケン 最高 派 職員 ブリンケン 到着 剛(チンカン) 会談,3,https://www.afpbb.com/articles/-/3468757,https://www.cnn.co.jp/usa/35205390.html?ref=rss,https://www.rt.com/news/578255-china-us-blinken-talks/?utm_source=rss&utm_medium=rss&utm_campaign=RSS,,,
2023-06-19 06:33:06,国務 長官 中国 北京 アントニー・ブリンケン 米 18 秦 アントニー・ブリンケン 最高 派 職員 外相 会談 こと ブリンケン,3,https://www.afpbb.com/articles/-/3468757,https://www.cnn.co.jp/usa/35205490.html?ref=rss,https://www.rt.com/news/578255-china-us-blinken-talks/?utm_source=rss&utm_medium=rss&utm_campaign=RSS,,,
2023-06-18 23:52:18,"1 20 ロシア キエフ 軍隊 フロント ライン 1,000 人 ウクライナ 軍 参謀 本部 東部 35",2,,https://www.cnn.co.jp/world/35205482.html?ref=rss,https://www.rt.com/russia/578244-ukraine-heavy-casualties-mod/?utm_source=rss&utm_medium=rss&utm_campaign=RSS,,,
2023-06-18 17:01:52,ウクライナ カホウカ ダム 決壊 南部 首都 キーウ パトロン ペット 洪水 ドニプロ 川 オデーサ 発生 ヘルソン州 汚水 下流,2,https://www.afpbb.com/articles/-/3468735,https://www.cnn.co.jp/world/35205391.html?ref=rss,,,,
2023-06-18 15:24:00,17 公式 誕生日 トゥルー ピング ザ カラー チャールズ 国王 パレード 英 ロンドン 軍旗 英国 君主 伝統,2,https://www.afpbb.com/articles/-/3468764,https://www.cnn.co.jp/world/35205376.html?ref=rss,,,,
2023-06-18 15:22:00,ウクライナ カホウカ ダム 決壊 南部 洪水 ドニプロ 川 オデーサ 発生 ヘルソン州 汚水 下流 首都 キーウ パトロン ペット,2,https://www.afpbb.com/articles/-/3468728,https://www.cnn.co.jp/world/35205391.html?ref=rss,,,,
2023-06-18 14:42:00,ウクライナ 南部 ヘルソン州 カホウカ ダム 決壊 洪水 省 地域 人 国連 ロシア 18 被害 同国,2,https://www.afpbb.com/articles/-/3468760,https://www.cnn.co.jp/world/35205375.html?ref=rss,,,,
2023-06-18 11:04:00,17 チャールズ 国王 公式 誕生日 パレード トゥルー ピング ザ カラー 英 ロンドン 軍旗 英国 君主 伝統,2,https://www.afpbb.com/articles/-/3468707,https://www.cnn.co.jp/world/35205376.html?ref=rss,,,,
2023-06-18 10:34:45,サッカー 親善 試合 人種 差別 ブラジル ギニア 国際 17 スペイン 代表 ビニシウス ジュニオール バルセロナ 全身 黒,2,https://www.afpbb.com/articles/-/3468755,https://www.cnn.co.jp/showbiz/35205406.html?ref=rss,,,,
2023-06-17 19:34:11,ロシア こと 制裁 外務省 主張 サンクトペテルブルク フォーラム 出席 場合 英国 政府 ウクライナ 賠償金 継続 法,2,,https://www.cnn.co.jp/world/35205455.html?ref=rss,https://www.rt.com/russia/578200-spief-zakharova-west-pressure/?utm_source=rss&utm_medium=rss&utm_campaign=RSS,,,
2023-06-17 19:34:11,ロシア こと 制裁 外務省 彼 ら サンクトペテルブルク フォーラム 出席 英国 政府 ウクライナ 賠償金 継続 法,2,,https://www.cnn.co.jp/world/35205455.html?ref=rss,https://www.rt.com/russia/578200-spief-zakharova-west-pressure/?utm_source=rss&utm_medium=rss&utm_campaign=RSS,,,
2023-06-17 15:50:00,ウクライナ ロシア 侵攻 スウェーデン 軍 19 ゼレンスキー 大統領 17 ため こと ドイツ 演説 氏 継続,2,https://www.afpbb.com/articles/-/3468952,https://www.cnn.co.jp/world/35205551.html?ref=rss,,,,
2023-06-17 14:00:00,サッカー 連盟 米国 代表 16 グレッグ バーハルター 氏 米 ラスベガス 開催 北 中米 カリブ 海 CONCACAF,2,https://www.afpbb.com/articles/-/3468688,https://www.cnn.co.jp/showbiz/35205363.html?ref=rss,,,,
2023-06-17 14:00:00,サッカー 代表 試合 中国 北京 国際 親善 ピッチ 侵入 米 ラスベガス 開催 北 中米 カリブ,2,https://www.afpbb.com/articles/-/3468680,https://www.cnn.co.jp/showbiz/35205363.html?ref=rss,,,,
2023-06-17 13:00:00,発見 遺跡 研究者 ドイツ 南部 バイエルン州 埋葬 地 考古学 者 八角形 中国 モンゴル 自治区 フルンボイル,2,https://www.afpbb.com/articles/-/3468516,https://www.cnn.co.jp/style/arts/35205364.html?ref=rss,,,,
2023-06-17 13:00:00,年 前 今 遺跡 研究者 ドイツ 南部 バイエルン州 埋葬 地 考古学 者 八角形 中国 西南 部 四川省,2,https://www.afpbb.com/articles/-/3468443,https://www.cnn.co.jp/style/arts/35205364.html?ref=rss,,,,
2023-06-17 09:17:00,国際 同国 到着 ロシア プーチン 大統領 16 サンクトペテルブルク 開催中 天皇 皇后 陛下 17 インドネシア 公式,2,https://www.afpbb.com/articles/-/3468710,https://www.cnn.co.jp/world/35205360.html?ref=rss,,,,
2023-06-17 09:17:00,国際 同国 到着 ロシア プーチン 大統領 16 サンクトペテルブルク 開催中 天皇 皇后 陛下 17 インドネシア 公式,2,https://www.afpbb.com/articles/-/3468703,https://www.cnn.co.jp/world/35205360.html?ref=rss,,,,
2023-06-17 09:00:00,政府 計画 こと オーストラリア アルバニージー 首相 18 同国 首都 フィンランド 政策 操作 社会 構築 約束,2,,https://www.cnn.co.jp/world/35205377.html?ref=rss,,,,http://world.people.com.cn/n1/2023/0617/c1002-40016132.html
2023-06-17 06:29:22,拒否 ロシア 大統領 西側 最終的 セキュリティ 保証 議論 最新 開発 プーチン ゼレッツキ 交渉 こと,2,,,https://www.rt.com/russia/578169-putin-spief-speech-highlights/?utm_source=rss&utm_medium=rss&utm_campaign=RSS,,,http://world.people.com.cn/n1/2023/0618/c1002-40016413.html
2023-06-17 05:39:13,作戦 目標 達成 こと ウクライナ ゼレンスキー 大統領 外交 顧問 17 ロシア 軍事 後 安全 保証 他,2,,https://www.cnn.co.jp/world/35205368.html?ref=rss,https://www.rt.com/russia/578175-lavrov-ukraine-world-order/?utm_source=rss&utm_medium=rss&utm_campaign=RSS,,,
2023-06-17 05:39:13,作戦 目標 達成 こと ロシア 軍事 後 安全 保証 他 ウクライナ ゼレンスキー 大統領 外交 顧問 17,2,,https://www.cnn.co.jp/world/35205368.html?ref=rss,https://www.rt.com/russia/578175-lavrov-ukraine-world-order/?utm_source=rss&utm_medium=rss&utm_campaign=RSS,,,
2023-06-17 03:28:00,ロシア プーチン 大統領 16 戦術 核兵器 ベラルーシ ブリンケン 米 国務 長官 ウラジーミル 同国 1 弾,2,https://www.afpbb.com/articles/-/3468645,https://www.cnn.co.jp/usa/35205365.html?ref=rss,,,,
2023-06-16 17:14:17,サッカー 代表 試合 米 ラスベガス 開催 北 中米 カリブ アルゼンチン リオネル メッシ インドネシア 親善 欠場,2,https://www.afpbb.com/articles/-/3468587,https://www.cnn.co.jp/showbiz/35205363.html?ref=rss,,,,
2023-06-16 17:10:00,中国 開催 19 浙江省 杭州 市 9 月 回 Jiangxi 番目 韓国 元 文化 コンテスト,2,https://www.afpbb.com/articles/-/3468519,,,,,http://world.people.com.cn/n1/2023/0619/c1002-40017164.html
2023-06-16 16:30:00,ウクライナ 国境 ロシア 知事 地域 防空 ポンプ 場 近く 州 住民 2人 攻撃 南西部 ベルゴロド 避難 兵,2,,https://www.cnn.co.jp/world/35205347.html?ref=rss,https://www.rt.com/russia/578206-russia-bryansk-druzhba-pipeline-drones/?utm_source=rss&utm_medium=rss&utm_campaign=RSS,,,
2023-06-16 11:09:59,大統領 同国 こと ウクライナ ゼレンスキー 外交 顧問 17 軍 中南米 3 か国 歴訪 中 イラン,2,https://www.afpbb.com/articles/-/3468515,https://www.cnn.co.jp/world/35205368.html?ref=rss,,,,
2023-06-16 10:33:00,映画 ゴッドファーザー 83 米 俳優 アル パチーノ さん 誕生 シリーズ 交際 相手 1972 年 スカーフェイス,2,https://www.afpbb.com/articles/-/3468512,https://www.cnn.co.jp/showbiz/35205326.html?ref=rss,,,,
2023-06-16 10:04:42,大統領 ロシア ウクライナ 諸国 中 ゼレンスキー 17 チェコ ペトル パベル 15 ロシア人 国境 南西部 ベルゴロド,2,https://www.afpbb.com/articles/-/3468502,https://www.cnn.co.jp/world/35205347.html?ref=rss,,,,
2023-06-16 09:38:42,サッカー 試合 15 0 勝利 米 ラスベガス 開催 北 中米 国際 親善 中国 北京 アルゼンチン,2,https://www.afpbb.com/articles/-/3468496,https://www.cnn.co.jp/showbiz/35205363.html?ref=rss,,,,
2023-06-16 09:00:00,外務大臣 ロシア 安全 保証 ハンガリー エネルギー 供給 軍事 作戦 目標 達成 後 こと 他 誰,2,,,https://www.rt.com/russia/578175-lavrov-ukraine-world-order/?utm_source=rss&utm_medium=rss&utm_campaign=RSS,,,http://world.people.com.cn/n1/2023/0616/c1002-40014742.html
2023-06-16 09:00:00,欧州 中央 銀行 金利 ECB 15 政策 0.25 % とも こと 25 ベーシス ポイント,2,,https://www.cnn.co.jp/business/35205341.html?ref=rss,,,,http://world.people.com.cn/n1/2023/0616/c1002-40014670.html
2023-06-16 07:06:45,衛星 失敗 ロケット 一部 韓国軍 16 黄海 於青 島 南西 韓国 北 発射 回復,2,https://www.afpbb.com/articles/-/3468555,,,https://timesofindia.indiatimes.com/world/rest-of-world/south-korea-recovers-part-of-rocket-used-in-norths-failed-satellite-launch/articleshow/101033756.cms,,
2023-06-16 04:17:30,映像 ウクライナ 攻撃 数 秒 2 つ 戦車 破壊 東部 バフムート 戦場 ドローン 無人 機,2,,https://www.cnn.co.jp/world/35205319.html?ref=rss,https://www.rt.com/russia/578102-ukraine-tanks-double-kill/?utm_source=rss&utm_medium=rss&utm_campaign=RSS,,,
2023-06-15 21:52:00,ウクライナ ロシア 軍 前進 国防 省 15 反転 攻勢 抵抗 正常 性,2,https://www.afpbb.com/articles/-/3468463,,,https://timesofindia.indiatimes.com/world/europe/russia-tries-to-signal-normalcy-as-ukraine-forces-advance/articleshow/101033740.cms,,
2023-06-15 16:22:00,ウクライナ 南部 ダム 軍 当局者 15 同国 ヘルソン州 カホウカ 決壊 ソリスキー ロシア 水力 施設 地域,2,https://www.afpbb.com/articles/-/3468682,https://www.cnn.co.jp/world/35205300.html?ref=rss,,,,
2023-06-15 16:22:00,ウクライナ 南部 ダム 軍 当局者 15 同国 ロシア 水力 施設 ヘルソン州 カホウカ 決壊 ソリスキー 農業,2,https://www.afpbb.com/articles/-/3468682,https://www.cnn.co.jp/world/35205300.html?ref=rss,,,,
2023-06-15 14:55:00,国務 訪問 発表 中国 政府 米 省 14 ブリンケン 長官 外交 部 汪 文 斌,2,https://www.afpbb.com/articles/-/3468478,https://www.cnn.co.jp/usa/35205264.html?ref=rss,,,,
2023-06-15 14:32:53,中国 習近平 国家 主席 北京 会談 16 ビル ゲイツ 出会い 訪問 米 氏 14 パレスチナ 自治,3,https://www.afpbb.com/articles/-/3468351,https://www.cnn.co.jp/usa/35205390.html?ref=rss,,https://timesofindia.indiatimes.com/world/china/chinese-president-xi-jinping-stresses-us-china-cooperation-in-meeting-with-bill-gates/articleshow/101046495.cms,,
2023-06-15 13:51:00,スウェーデン 首都 ストックホルム 公開 動画 ヤン ヨンソン 副市長 今週 開始 国立 美術館 開催中 展覧会 14,2,https://www.afpbb.com/articles/-/3468596,https://www.cnn.co.jp/style/arts/35205265.html?ref=rss,,,,
2023-06-15 13:51:00,首都 14 フランス スウェーデン ストックホルム 国立 美術館 開催中 展覧会 パリ 最新 技術 見本市 ビバテック 開催,2,https://www.afpbb.com/articles/-/3468545,https://www.cnn.co.jp/style/arts/35205265.html?ref=rss,,,,
2023-06-15 13:51:00,スウェーデン 首都 ストックホルム 公開 動画 ヤン ヨンソン 副市長 今週 開始 国立 美術館 開催中 展覧会 14,2,https://www.afpbb.com/articles/-/3468544,https://www.cnn.co.jp/style/arts/35205265.html?ref=rss,,,,
2023-06-15 12:01:00,こと 実施 措置 提案 予算 削減 高官 評価 米 連邦 準備 制度 理事会 FRB,2,,https://www.cnn.co.jp/business/35205249.html?ref=rss,https://www.rt.com/russia/578056-russia-scrapped-tax-hike/?utm_source=rss&utm_medium=rss&utm_campaign=RSS,,,
2023-06-15 09:00:00,連邦 準備 制度 金利 米 理事会 FRB 14 金融 政策 基金 目標 範囲 変更 維持,2,,https://www.cnn.co.jp/business/35205249.html?ref=rss,,,,http://world.people.com.cn/n1/2023/0615/c1002-40013609.html
2023-06-15 09:00:00,連邦 準備 制度 金利 米 理事会 FRB 14 金融 政策 基金 目標 範囲 変更 維持,2,,https://www.cnn.co.jp/business/35205249.html?ref=rss,,,,http://world.people.com.cn/n1/2023/0615/c1002-40013835.html
2023-06-15 09:00:00,国際 人種 差別 安全保障理事会 社会 憎しみ 主義 反対 サッカー 連盟 15 作業 部会 意向,2,https://www.afpbb.com/articles/-/3468570,,,,,http://world.people.com.cn/n1/2023/0615/c1002-40014380.html
2023-06-15 09:00:00,促進 中国 国家 大学 助成 政策 システム 構成 要素 パレスチナ 問題 解決策 ため 役割 国際,2,https://www.afpbb.com/articles/-/3468089,,,,,http://world.people.com.cn/n1/2023/0615/c1002-40014482.html
2023-06-15 05:58:23,メディア こと 計画 米国 ウクライナ パイプライン 爆破 理論 中心 CIA beixi 破壊 アメリカ キャラクター 役割,2,,,https://www.rt.com/news/578037-cia-knew-russia-nord-stream/?utm_source=rss&utm_medium=rss&utm_campaign=RSS,,,http://world.people.com.cn/n1/2023/0615/c1002-40014357.html
2023-06-14 18:11:00,5 歳 母親 死亡 伊 ローマ 14 ユーチューバー ら 高級 南米 コロンビア アマゾン 密林 小型 機,2,https://www.afpbb.com/articles/-/3468534,https://www.cnn.co.jp/world/35205229.html?ref=rss,,,,
2023-06-14 17:07:00,ため 国内 決定 バングラデシュ 外国 行動 コース 主権 自由 ロシア プーチン 大統領 13 海外旅行 用,2,,https://www.cnn.co.jp/world/35205221.html?ref=rss,,,https://ddnews.gov.in/international/%E2%80%98bangladesh-attaches-highest-importance-sovereignty-and-freedom-decide-its-own-course,
2023-06-14 15:09:00,月 前年 比 % 3 増 11 米 労働省 労働 統計 中国 インターネット サービス 大手,2,https://www.afpbb.com/articles/-/3468518,https://www.cnn.co.jp/business/35205208.html?ref=rss,,,,
2023-06-14 13:24:51,米 AI 人工知能 大手 チャット GPT 生成 人 それ 未来 人類 交流 サイト フェイス ブック,2,https://www.afpbb.com/articles/-/3468183,https://www.cnn.co.jp/tech/35205269.html?ref=rss,,,,
2023-06-14 12:00:00,2023 年 中国 23 回 国際都市 駐車場 産業 博覧会 国際 コットン 会議 広州 オープン,2,https://www.afpbb.com/articles/-/3468017,,,,,http://world.people.com.cn/n1/2023/0615/c1002-40014233.html
2023-06-14 11:25:37,漁船 救助 人 移民 ギリシャ 沖 イオニア 海 14 多数 ギリシャ 転覆 100,2,https://www.afpbb.com/articles/-/3468492,,,https://timesofindia.indiatimes.com/world/rest-of-world/greece-more-than-100-migrants-rescued-from-capsized-fishing-vessel/articleshow/100987250.cms,,
2023-06-14 09:00:00,米国 国務 長官 中国 訪問 外交 部 汪 文 斌,2,https://www.afpbb.com/articles/-/3468296,,,,,http://world.people.com.cn/n1/2023/0614/c1002-40013561.html
2023-06-14 09:00:00,3 人 日本 射撃場 射撃 負傷 陸上自衛隊 岐阜県 日野市 陸自 14 ギフ 市 土地 自衛隊 イベント,2,,https://www.cnn.co.jp/world/35205219.html?ref=rss,,,,http://world.people.com.cn/n1/2023/0614/c1002-40013267.html
2023-06-14 08:58:00,米 マイアミ メディア アマゾン クラウドサービス AWS 13 午後 大規模 複数 15 総合 格闘技 大会 UFC,2,https://www.afpbb.com/articles/-/3468500,https://www.cnn.co.jp/tech/35205182.html?ref=rss,,,,
2023-06-14 08:04:53,花火 爆発 中国 天津 3 人 北部 港湾 都市 当局 14,2,https://www.afpbb.com/articles/-/3468233,,,https://timesofindia.indiatimes.com/world/china/explosions-from-fireworks-kill-three-in-chinas-tianjin/articleshow/100981631.cms,,
2023-06-14 04:26:00,米 機密 文書 意図的 起訴 罪状 政府 扱い 返却 回避 ドナルド・トランプ 司法 省 15 国防総省 大量,2,https://www.afpbb.com/articles/-/3468127,https://www.cnn.co.jp/usa/35205335.html?ref=rss,,,,
2023-06-13 23:22:27,連邦 文書 無罪 主張 ドナルド・トランプ 事件 米 政府 機密 起訴 13 フロリダ州 裁判所 罪状 認否,3,https://www.afpbb.com/articles/-/3468127,https://www.cnn.co.jp/usa/35205175.html?ref=rss,,https://timesofindia.indiatimes.com/world/us/donald-trump-pleads-not-guilty-in-federal-documents-case/articleshow/100975126.cms,,
2023-06-13 21:41:00,ウクライナ 軍 ロシア 州 13 トップ 南東部 ら 攻撃 ザポリージャ ミサイル 政府 16 参謀 本部 同日,2,https://www.afpbb.com/articles/-/3468630,https://www.cnn.co.jp/world/35205170.html?ref=rss,,,,
2023-06-13 18:04:00,ロシア 攻撃 人 負傷 ウクライナ 中部 クリビーリフ 6 4 国防 更新 写真 追加 13 軍 死亡,3,https://www.afpbb.com/articles/-/3468037,https://www.cnn.co.jp/world/35205170.html?ref=rss,https://www.rt.com/russia/578010-moscow-estimates-ukraine-losses/?utm_source=rss&utm_medium=rss&utm_campaign=RSS,,,
2023-06-13 18:04:00,中部 攻撃 人 死亡 ウクライナ クリビーリフ 13 早朝 更新 写真 追加 ロシア ナイジェリア いくつ 村 21,3,https://www.afpbb.com/articles/-/3468037,https://www.cnn.co.jp/world/35205168.html?ref=rss,,,,http://world.people.com.cn/n1/2023/0614/c1002-40012989.html
2023-06-13 13:12:00,13 フロリダ州 連邦 機密 文書 罪状 認否 起訴 トランプ 前 米国 大統領 裁判所 意図的 マイアミ 出廷,2,https://www.afpbb.com/articles/-/3468127,https://www.cnn.co.jp/usa/35205237.html?ref=rss,,,,
2023-06-13 12:35:00,北 大西洋 条約 機構 演習 12 ドイツ エアディフェンダー 参加 加盟国 合同 23 主導 NATO 史上 最大,2,https://www.afpbb.com/articles/-/3468041,https://www.cnn.co.jp/world/35205137.html?ref=rss,,,,
2023-06-13 12:35:00,北 大西洋 条約 機構 演習 12 ドイツ エアディフェンダー 参加 加盟国 合同 23 主導 NATO 史上 最大,2,https://www.afpbb.com/articles/-/3468140,https://www.cnn.co.jp/world/35205137.html?ref=rss,,,,
2023-06-13 12:10:00,考古学 者 つ 年 大型 遺跡 内部構造 非破壊 探査 難題 人類 起源 アフリカ 我々 祖先 具体的,2,https://www.afpbb.com/articles/-/3467933,https://www.cnn.co.jp/fringe/35205200.html?ref=rss,,,,
2023-06-13 11:47:00,軍 ロシア 破壊 ウクライナ ここ 数 米国 供与 装甲 キエフ 重機 最大 30 ％ 大統領,2,,https://www.cnn.co.jp/world/35205135.html?ref=rss,https://www.rt.com/russia/577964-putin-ukraine-russia-losses/?utm_source=rss&utm_medium=rss&utm_campaign=RSS,,,
2023-06-13 11:47:00,ウクライナ ロシア 歩兵 戦闘車 ブラッドレー 軍 ここ 数 米国 供与 両 発表 これ 米国製 国防 省 13,2,https://www.afpbb.com/articles/-/3468099,https://www.cnn.co.jp/usa/35205267.html?ref=rss,,,,
2023-06-13 11:47:00,ウクライナ 軍 ロシア ウラジーミル プーチン 大統領 13 ここ 数 米国 供与 侵攻 精度 弾薬 無人,2,https://www.afpbb.com/articles/-/3468134,https://www.cnn.co.jp/world/35205204.html?ref=rss,,,,
2023-06-13 09:28:27,南米 コロンビア アマゾン 密林 小型 墜落 事故 子ども 4 人 飛行機 後 40 機 きょうだい 1,2,https://www.afpbb.com/articles/-/3467953,https://www.cnn.co.jp/world/35205229.html?ref=rss,,,,
2023-06-13 07:22:00,大統領 軍 こと もの ロシア ドニエパー キエフ 本当 ウクライナ ゼレンスキー 12 夜 演説 戦闘,2,,https://www.cnn.co.jp/world/35205111.html?ref=rss,https://www.rt.com/russia/577971-putin-kakhovka-dam-offensive/?utm_source=rss&utm_medium=rss&utm_campaign=RSS,,,
2023-06-13 07:22:00,こと 兵士 たち 司令官 彼 ら 避難 拒否 後 ウクライナ ゼレンスキー 大統領 12 夜 演説,2,,https://www.cnn.co.jp/world/35205111.html?ref=rss,https://www.rt.com/russia/577927-ukrainian-bmp-crews-surrender/?utm_source=rss&utm_medium=rss&utm_campaign=RSS,,,
2023-06-13 04:39:00,フランス マクロン 大統領 12 ウクライナ 反転 攻勢 数週間 綿密 計画 数 前 エマニュエル ロシア 侵攻 開始,2,https://www.afpbb.com/articles/-/3467946,https://www.cnn.co.jp/world/35205110.html?ref=rss,,,,
2023-06-12 23:30:55,"人 250 機 航空機 演習 今年 6 月 10,000 サービス 北 大西洋 条約 機構 NATO",2,,https://www.cnn.co.jp/world/35205137.html?ref=rss,https://www.rt.com/news/577903-largest-ever-nato-air-exercise/?utm_source=rss&utm_medium=rss&utm_campaign=RSS,,,
2023-06-12 18:23:00,イタリア 元首相 シルビオ ベルルスコーニ ミラノ 死去 86 歳 12 国葬 14 北部 富豪 氏 市,2,https://www.afpbb.com/articles/-/3468311,https://www.cnn.co.jp/world/35205105.html?ref=rss,,,,
2023-06-12 15:13:00,5 月 前年 比 % 増 中国 水利 部 9 今年 米 労働省 労働 統計 局,2,https://www.afpbb.com/articles/-/3467772,https://www.cnn.co.jp/business/35205208.html?ref=rss,,,,
2023-06-12 09:21:51,ウクライナ 東部 ドネツク 州 ロシア 3 国防 軍 マカリウカ 政府 11 村 側 奪還 発表 マリャル 次官,2,https://www.afpbb.com/articles/-/3467808,https://www.cnn.co.jp/world/35205065.html?ref=rss,,,,
2023-06-12 09:00:00,元 イタリア 首相 ベルルスキニ シルヴィオ ベルルスコーニ,2,,,,https://timesofindia.indiatimes.com/world/europe/former-italian-pm-silvio-berlusconi-has-died/articleshow/100934345.cms,,http://world.people.com.cn/n1/2023/0612/c1002-40011886.html
2023-06-12 09:00:00,マグニチュード 6.2 地震 フィリピン USGS 日本 北海道 発生,2,,,,https://timesofindia.indiatimes.com/world/rest-of-world/magnitude-6-2-earthquake-strikes-philippines-usgs/articleshow/101008058.cms,,http://world.people.com.cn/n1/2023/0612/c1002-40011301.html
2023-06-12 09:00:00,元 イタリア 首相 シルヴィオ ベルルスコーニ ベルルスキニ,2,,,,https://timesofindia.indiatimes.com/world/europe/former-italian-pm-silvio-berlusconi-has-died/articleshow/100934345.cms,,http://world.people.com.cn/n1/2023/0612/c1002-40011886.html
2023-06-12 09:00:00,元 イタリア 首相 ベルルスキニ シルヴィオ ベルルスコーニ,2,,,,https://timesofindia.indiatimes.com/world/europe/former-italian-pm-silvio-berlusconi-has-died/articleshow/100934345.cms,,http://world.people.com.cn/n1/2023/0612/c1002-40011807.html
2023-06-12 09:00:00,石油 火災 高速道路 道路 米 ペンシルベニア州 フィラデルフィア 州間 I 95 米国 フィラデルフィア タンク 州 間 セクション,2,,https://www.cnn.co.jp/usa/35205078.html?ref=rss,,,,http://world.people.com.cn/n1/2023/0612/c1002-40011714.html
2023-06-12 08:01:28,10 年間 偏見 国連 開発 計画 部門 報告 性別 過去 女性 進展 報告書,2,,,,https://timesofindia.indiatimes.com/world/no-progress-on-biases-against-women-in-a-decade-un-report/articleshow/100927303.cms,,http://world.people.com.cn/n1/2023/0613/c1002-40012441.html
2023-06-11 23:51:17,ウクライナ 大統領 長官 他 21 加盟国 支持 保証 ウラジミール ロシア 11 200 人 捕虜 交換,2,,https://www.cnn.co.jp/world/35205082.html?ref=rss,https://www.rt.com/news/577859-nato-ukraine-canada-romania/?utm_source=rss&utm_medium=rss&utm_campaign=RSS,,,
2023-06-11 23:17:26,ニコラ 大臣 国民 党 英 スコットランド 自治 政府 前 首席 スタージョン 4 月 最初 スコットランド 指導者,2,,https://www.cnn.co.jp/world/35205087.html?ref=rss,https://www.rt.com/news/577860-sturgeon-scottish-leader-arrested/?utm_source=rss&utm_medium=rss&utm_campaign=RSS,,,
2023-06-11 17:03:00,米 プロバスケットボール マイアミ ヒート マスコット 9 ファイナル 総合 格闘技 大会 UFC 元 王者 コナー マクレガー 病院,2,https://www.afpbb.com/articles/-/3467764,https://www.cnn.co.jp/showbiz/35205073.html?ref=rss,,,,
2023-06-11 14:00:00,ルーマニア アフリカ人 ケニア 大使 発表 政府 10 呼ばわり 離任 外務省 11 差別的 発言 非難,2,https://www.afpbb.com/articles/-/3467775,https://www.cnn.co.jp/world/35205050.html?ref=rss,,,,
2023-06-11 13:11:00,中国 サッカー W杯 代表 出場 次 アルゼンチン リオネル メッシ 13 メディア 習近平 シーチンピン 国家 主席 指導者,2,https://www.afpbb.com/articles/-/3468133,https://www.cnn.co.jp/showbiz/35204144.html?ref=rss,,,,
2023-06-11 13:11:00,サッカー W杯 代表 女子 日本 池田 太 監督 13 中国 習近平 シーチンピン 国家 主席 指導者,2,https://www.afpbb.com/articles/-/3468047,https://www.cnn.co.jp/showbiz/35204144.html?ref=rss,,,,
2023-06-11 12:03:00,"発表 NATO 軍事 支援 カナダ トルドー 首相 10 ウクライナ 首都 3億2,500万 ドル パッケージ 今後 会議",2,,https://www.cnn.co.jp/world/35205048.html?ref=rss,https://www.rt.com/news/577945-pentagon-aid-package-ukraine/?utm_source=rss&utm_medium=rss&utm_campaign=RSS,,,
2023-06-11 10:03:00,ウクライナ ゼレンスキー 大統領 10 ロシア 反転 攻勢 首都 キーウ 記者 会見 ウォロディミル,2,https://www.afpbb.com/articles/-/3467751,https://www.cnn.co.jp/world/35205047.html?ref=rss,,,,
2023-06-11 09:00:00,中国 ホンジュラス 大使館 北京 オープン 台湾 つながり 後,2,,,,https://timesofindia.indiatimes.com/world/rest-of-world/honduras-opens-china-embassy-after-cutting-ties-with-taiwan/articleshow/100914385.cms,,http://world.people.com.cn/n1/2023/0611/c1002-40010939.html
2023-06-10 17:03:00,中国 航空 大型 エンジン 集団 開発 太行 110 ガスタービン 国際 協会 専門家 C 919 国内,2,https://www.afpbb.com/articles/-/3467173,,,,,http://world.people.com.cn/n1/2023/0613/c1002-40012446.html
2023-06-10 16:21:00,世界 年 中国 杭州 5 生物学 サークル 保護区 2025 開催 観光 連盟 本部 構成 部分 3,2,https://www.afpbb.com/articles/-/3467181,,,,,http://world.people.com.cn/n1/2023/0613/c1002-40012445.html
2023-06-10 16:00:00,ウクライナ 南部 ヘルソン州 ダム 決壊 洪水 死亡 人 行方不明 ロシア 占領 カホウカ 5 地域 14 発生 州 ノバカホウカ,2,https://www.afpbb.com/articles/-/3467944,https://www.cnn.co.jp/world/35205245.html?ref=rss,,,,
2023-06-10 10:49:00,南米 コロンビア ペトロ 大統領 小型 墜落 アマゾン 4 人 発見 40 グスタボ 9 1 密林,2,https://www.afpbb.com/articles/-/3467758,https://www.cnn.co.jp/world/35205036.html?ref=rss,,,,
2023-06-10 09:55:21,米 国家安全保障会議 カービー 9 ロシア イラン 無人 製造 工場 建設 資材 来年 初め 稼働 可能性,2,https://www.afpbb.com/articles/-/3467694,https://www.cnn.co.jp/usa/35205040.html?ref=rss,,,,
2023-06-10 09:00:00,米国 こと 主張 英国 オーストラリア 国際 社会 懸念 ため EU 当局者 キエフ ロシア すべて 領土,2,,,https://www.rt.com/russia/577852-ukraine-counteroffensive-us-eu/?utm_source=rss&utm_medium=rss&utm_campaign=RSS,,,http://world.people.com.cn/n1/2023/0610/c1002-40010688.html
2023-06-10 00:22:00,ロシア プーチン 大統領 9 ウクライナ 反転 攻勢 開始 ゼレンスキー 10 首都 キーウ ウラジーミル 予告,2,https://www.afpbb.com/articles/-/3467679,https://www.cnn.co.jp/world/35205047.html?ref=rss,,,,
2023-06-10 00:11:53,ジョンソン 議会 辞任 元 英国 首相 ボリス 元首相 彼 地位 施行 発表,2,,,,https://timesofindia.indiatimes.com/world/uk/former-british-pm-boris-johnson-resigns-from-parliament/articleshow/100884940.cms,,http://world.people.com.cn/n1/2023/0610/c1002-40010570.html
2023-06-09 15:03:00,2022 年 取引 8 米 株式市場 S 8950万 デジタル 支払い 状況 P 500 種 株価指数,2,,https://www.cnn.co.jp/business/35205009.html?ref=rss,,,https://ddnews.gov.in/business/india-dominating-digital-payment-landscape-895-million-transactions-2022,
2023-06-09 11:05:00,軍 ロシア 撃 車両 キエフ 軍隊 反攻 試み 間 いくつ ウクライナ 同国 東部 戦闘 予想 抵抗,2,,https://www.cnn.co.jp/usa/35204994.html?ref=rss,https://www.rt.com/russia/577895-ukraine-more-german-tanks-losses/?utm_source=rss&utm_medium=rss&utm_campaign=RSS,,,
2023-06-09 07:34:05,連邦 文書 起訴 トランプ 前 米大統領 機密 持ち出し 検察官 トランプ 元大統領 1 告発 分類,2,,https://www.cnn.co.jp/usa/35204991.html?ref=rss,,https://timesofindia.indiatimes.com/world/us/trump-charged-over-classified-documents-in-1st-federal-indictment-of-an-ex-president/articleshow/100864595.cms,,
2023-06-09 05:06:51,ウクライナ 南部 ヘルソン州 ダム 決壊 洪水 避難 砲撃 人 死亡 8 救助隊 ゼレンスキー 被災地 人々 3,2,https://www.afpbb.com/articles/-/3467528,https://www.cnn.co.jp/world/35204977.html?ref=rss,,,,
2023-06-09 05:06:51,ウクライナ 南部 ヘルソン州 ダム 決壊 洪水 避難 8 救助隊 ゼレンスキー 地域 住民 カホウカ 被災地 人々 砲撃,2,https://www.afpbb.com/articles/-/3467528,https://www.cnn.co.jp/world/35204977.html?ref=rss,,,,
2023-06-09 00:16:09,米国 電子 施設 建設 こと 北京 焦点 監視 ため ハバナ カリブ 海 島国 キューバ 中国,2,,https://www.cnn.co.jp/usa/35205001.html?ref=rss,https://www.rt.com/news/577719-china-spy-base-cuba/?utm_source=rss&utm_medium=rss&utm_campaign=RSS,,,
2023-06-08 22:00:10,"人 一 晩 攻撃 オデサ ロシア ドローン 3 ウクライナ 最大 1,500 兵士 150 匹 装甲",2,,,https://www.rt.com/russia/577704-defense-ministry-ukraine-update/?utm_source=rss&utm_medium=rss&utm_campaign=RSS,https://timesofindia.indiatimes.com/world/europe/three-killed-in-russian-drone-attack-on-odesa-overnight-ukraine/articleshow/100895282.cms,,
2023-06-08 12:16:14,連邦 検察官 捜査 トランプ 前 機密 文書 通知 米大統領 持ち出し 起訴 彼 犯罪 標的 元,2,,https://www.cnn.co.jp/usa/35204991.html?ref=rss,https://www.rt.com/news/577679-trump-criminal-investigation-documents/?utm_source=rss&utm_medium=rss&utm_campaign=RSS,,,
2023-06-08 11:15:18,ウクライナ 南部 ヘルソン州 カホウカ ダム 決壊 こと 地雷 警告 赤十字 国際 委員会 軍 9 同国,2,https://www.afpbb.com/articles/-/3467376,https://www.cnn.co.jp/world/35205041.html?ref=rss,,,,
2023-06-08 10:32:56,ロシア プーチン ウクライナ 南部 ウラジーミル 大統領 7 ヘルソン州 支配 地域 ベルギー デクロー 首相 8 ベルゴロド 州,2,https://www.afpbb.com/articles/-/3467384,https://www.cnn.co.jp/world/35204964.html?ref=rss,,,,
2023-06-08 06:49:18,ロシア 中国 地域 政策 立案者 影響力 ため 混乱 悪用 英国 シンクタンク 国際 戦略 研究所 IISS,2,,https://www.cnn.co.jp/world/35204972.html?ref=rss,https://www.rt.com/news/577669-western-nations-fear-russia-china-arctic-gains/?utm_source=rss&utm_medium=rss&utm_campaign=RSS,,,
2023-06-07 22:10:08,国 ロシア 非難 キエフ 軍隊 役人 彼 ら 宣伝 米国 バイデン 大統領 英国 スナク 首相,2,,https://www.cnn.co.jp/usa/35204984.html?ref=rss,https://www.rt.com/russia/577131-artyomovsk-refugees-ukraine-bombing/?utm_source=rss&utm_medium=rss&utm_campaign=RSS,,,
2023-06-07 18:19:00,国務 長官 イスラエル 正常化 関係 訪問 アントニー・ブリンケン 緊張 展望 中 サウジアラビア サウジアラビア ブリンケン 米 8 締めくくり,2,,https://www.cnn.co.jp/usa/35204998.html?ref=rss,,,https://ddnews.gov.in/international/secretary-state-antony-blinken-seeks-mend-ties-during-saudi-arabia-visit-amid-strained,
2023-06-07 18:14:27,連邦 こと 省 13 トランプ 前 米大統領 機密 文書 持ち出し 米 首都 ワシントン 地方裁判所 6 保守系,2,https://www.afpbb.com/articles/-/3467293,https://www.cnn.co.jp/usa/35204991.html?ref=rss,,,,
2023-06-07 15:40:00,ウクライナ 南部 水力 発電所 ダム 決壊 ヘルソン州 ロシア 支配 地域 カホウカ 今月 6 真夜中 午前 3,2,https://www.afpbb.com/articles/-/3467263,https://www.cnn.co.jp/world/35205034.html?ref=rss,,,,
2023-06-07 15:00:00,電話 盗聴 ヘンリー 英 王子 6 ロンドン 裁判所 証言 大衆紙 被害 38 王室 離脱 新聞,2,https://www.afpbb.com/articles/-/3467283,https://www.cnn.co.jp/world/35204944.html?ref=rss,,,,
2023-06-07 14:07:50,電話 盗聴 ヘンリー 英 王子 6 ロンドン 裁判所 証言 大衆紙 被害 38 王室 離脱 新聞,2,https://www.afpbb.com/articles/-/3467253,https://www.cnn.co.jp/world/35204944.html?ref=rss,,,,
2023-06-07 10:29:01,ウクライナ 6 南部 ヘルソン州 ダム ドニプロ 川 流出 政府 ロシア 支配 地域 軍政 当局 トップ オレクサンドル,2,https://www.afpbb.com/articles/-/3467228,https://www.cnn.co.jp/world/35204971.html?ref=rss,,,,
2023-06-07 06:09:14,ロシア ウクライナ 損失 軍 同国 東部 戦闘 予想 抵抗 Shoigu 国防 相 3 日間 衝突,2,,https://www.cnn.co.jp/usa/35204994.html?ref=rss,https://www.rt.com/russia/577595-shoigu-offensive-casualties-report/?utm_source=rss&utm_medium=rss&utm_campaign=RSS,,,
2023-06-07 05:28:00,ウクライナ 南部 ヘルソン州 ロシア ダム 決壊 洪水 人 占領 町 ノバカホウカ 8 支配 地域 カホウカ 水力,2,https://www.afpbb.com/articles/-/3467213,https://www.cnn.co.jp/world/35204978.html?ref=rss,,,,
2023-06-07 00:34:28,ロシア ウクライナ こと 軍 同国 東部 戦闘 予想 抵抗 制限 ブロック 経済 損害 戦い ハンガリー,2,,https://www.cnn.co.jp/usa/35204994.html?ref=rss,https://www.rt.com/news/577576-hungary-sanctions-hysteria-ukraine/?utm_source=rss&utm_medium=rss&utm_campaign=RSS,,,
2023-06-06 20:33:28,こと 司法 違反 トランプ 前 大統領 機密 文書 扱い ポーランド 裁判官 彼 ら 政治的 所属,2,,https://www.cnn.co.jp/usa/35205029.html?ref=rss,https://www.rt.com/news/577565-eu-court-poland-reform/?utm_source=rss&utm_medium=rss&utm_campaign=RSS,,,
2023-06-06 12:56:00,5 洪水 人 死亡 ウクライナ 南部 ヘルソン州 ダム 決壊 ロシア カリブ 海 島国 ハイチ 当局 先週末,2,https://www.afpbb.com/articles/-/3467088,https://www.cnn.co.jp/world/35204978.html?ref=rss,,,,
2023-06-06 02:28:00,米国 副大統領 共和党 ペンス 氏 2024 年 大統領 ドナルド トランプ政権 マイク 5 前 7 夜 CNN,2,https://www.afpbb.com/articles/-/3467028,https://www.cnn.co.jp/usa/35204962.html?ref=rss,,,,
2023-06-04 23:31:58,研究 大学 報告 現代 英語 直接 前任 者 こと 中国 北京市 ほど 2023 サイエンスフィクション SF,2,https://www.afpbb.com/articles/-/3466710,,https://www.rt.com/news/577453-anglo-saxons-cambridge-university/?utm_source=rss&utm_medium=rss&utm_campaign=RSS,,,
2023-06-04 21:01:54,台湾 中国 駆逐艦 周り 緊張 軍艦 米国 衝突 150 米 海軍 公開 海峡 3 通過,2,https://www.afpbb.com/articles/-/3466944,,https://www.rt.com/news/577447-china-us-taiwan-warship/?utm_source=rss&utm_medium=rss&utm_campaign=RSS,,,
2023-06-04 21:01:54,台湾 中国 駆逐艦 周り 緊張 軍艦 米国 米 海軍 公開 海峡 衝突 150 ヤード 以内,2,https://www.afpbb.com/articles/-/3466932,,https://www.rt.com/news/577447-china-us-taiwan-warship/?utm_source=rss&utm_medium=rss&utm_campaign=RSS,,,
2023-06-03 11:24:23,ウクライナ 紛争 ため 中国 李 輝 ユーラシア 事務 代表 解決 努力 歓迎 上級 外交官 提案,2,https://www.afpbb.com/articles/-/3466759,,https://www.rt.com/russia/577492-indonesia-peace-plan-ukraine/?utm_source=rss&utm_medium=rss&utm_campaign=RSS,,,
2023-06-03 05:53:00,東部 3 列車 人 インド オディシャ 州 2 本 衝突事故 死亡 オリッサ州 衝突 当局 850 以上,2,https://www.afpbb.com/articles/-/3466768,,https://www.rt.com/news/577394-india-train-derailment-deaths/?utm_source=rss&utm_medium=rss&utm_campaign=RSS,,,
2023-06-02 18:54:19,議会 下院 法 案 スイス 国民 1日 他国 保有 製 国 出荷 許可 反対,2,https://www.afpbb.com/articles/-/3466696,,https://www.rt.com/news/577340-swiss-mps-against-weapons-reexport-ukraine/?utm_source=rss&utm_medium=rss&utm_campaign=RSS,,,